Simbolo;Capacidad;Volumen24hs;variacion7d
BTC;0.3799999999999999;0.3966;0.1884
ETH;585.4;0.2591;0.005899999999999989
USDT;100;0.15;0.001
DOGE;12.5;0.2;0.05
ADA;7.0;0.2899999999999999;0.18999999999999995
XRP;45;0.22;0.035
LTC;150;0.25;0.06
DASH;80;0.3;0.04
DAG;5;0.12;0.015
SFM;0.5;0.1;0.0025
PPI;500;1;1
